<?xml version="1.0" ?>
<openerp>
	<data>
  
		<record id="feedback_employee_action" model="ir.actions.act_window">
			<field name="name">FeedbackEmployee</field>
			<field name="res_model">feedback.employee</field>
			<field name="view_mode">tree,form</field>
		</record>
		  
		<record id="feedback_batch_action" model="ir.actions.act_window">
			<field name="name">FeedbackBatch</field>
			<field name="res_model">feedback.batch</field>
			<field name="view_mode">tree,form</field>
		</record>
		  
		<!---->
		<record id="feedback_employee_tree_view" model="ir.ui.view">
			<field name="name">FeedbackEmployee</field>
			<field name="model">feedback.employee</field>
			<field name="arch" type="xml">
				<tree string="Employee Details">
					<field name="emp_id"/>
					<field name="emp_name"/>
					<field name="designation"/>
					<field name="deparment"/>
					<field name="branch"/>
					<field name="role"/>
				</tree>
			</field>
		</record>

		<record id="feedback_employee_form_view" model="ir.ui.view">
			<field name="name">FeedbackEmployee</field>
			<field name="model">feedback.employee</field>
			<field name="arch" type="xml">
				<form string="Employee Details">
					<group>
						<field name="emp_id"/>
						<field name="emp_name"/>
						<field name="designation"/>
						<field name="deparment"/>
						<field name="branch"/>
						<field name="role"/>
					</group>
				</form>
			</field>
		</record>

		<record id="feedback_batch_tree_view" model="ir.ui.view">
			<field name="name">FeedbackBatch</field>
			<field name="model">feedback.batch</field>
			<field name="arch" type="xml">
				<tree>
					<field name="batch_id"/>
					<field name="batch_name"/>
					<field name="trainer_allocate"/>
					<field name="batch_member"/>
				</tree>
			</field>
		</record>

		<record id="feedback_batch_form_view" model="ir.ui.view">
			<field name="name">FeedbackBatch</field>
			<field name="model">feedback.batch</field>
			<field name="arch" type="xml">
				<form>
					<group>
						<field name="batch_id"/>
						<field name="batch_name"/>
						<field name="trainer_allocate"/>
						<field name="batch_member"/>
					</group>
				</form>
			</field>
		</record>
		
		<menuitem id="menu_root" name="Feedback"/>
		<menuitem id="menu_feedback_root" parent="menu_root" name="Feedback" />
		<menuitem id="menu_employee" parent="menu_feedback_root" name="Employee Details" action="feedback_employee_action"/>
		<menuitem id="menu_batch" parent="menu_feedback_root" name="Batch Allocation" action="feedback_batch_action"/>
		
    </data>
</openerp>